<?xml version="1.0" encoding="UTF-8" standalone="yes"?>
<addon id="repository.ivarbrandt" name="ivarbrandt's Repository" version="1.0.0" provider-name="Ivar Brandt">
    <extension point="xbmc.addon.repository" name="ivarbrandt's Repository">
        <dir>
            <info compressed="false">https://raw.githubusercontent.com/ivarbrandt/repository.ivarbrandt/master/repo/zips/addons.xml</info>
            <checksum>https://raw.githubusercontent.com/ivarbrandt/repository.ivarbrandt/master/repo/zips/addons.xml.md5</checksum>
            <datadir zip="true">https://raw.githubusercontent.com/ivarbrandt/repository.ivarbrandt/master/repo/zips/</datadir>
        </dir>
    </extension>
    <extension point="xbmc.addon.metadata">
        <summary>ivarbrandt's Repository</summary>
        <description>Kodi repository for the FENtastic skin and other projects</description>
        <disclaimer></disclaimer>
        <platform>all</platform>
        <assets>
            <icon>icon.png</icon>
            <fanart>fanart.jpg</fanart>
        </assets>
    </extension>
</addon>