<?xml version="1.0" encoding="UTF-8" standalone="yes"?>
<addon id="script.altus.helper" name="Altus Helper" version="0.1.9" provider-name="Ivar Brandt">
    <requires>
        <import addon="xbmc.python" version="3.0.0"/>
        <import addon="script.module.requests" version="2.19.1"/>
        <import addon="script.module.pil" version="1.1.7"/>
    </requires>
    <extension point="xbmc.python.library" library="resources/lib/default.py"/>
    <extension point="xbmc.service" library="resources/lib/service.py" start="startup" />
    <extension point="xbmc.addon.metadata">
        <news />
        <platform>all</platform>
        <license>GPL-2.0-only</license>
        <forum />
        <source />
        <assets>
            <icon>resources/media/icon.png</icon>
            <!-- <fanart>resources/media/fanart.jpg</fanart> -->
        </assets>
        <description lang="en_GB">Altus Helper for the Altus Skin.</description>
        <description lang="en_NZ">Altus Helper for the Altus Skin.</description>
        <description lang="en_US">Altus Helper for the Altus Skin.</description>
    </extension>
</addon>
